{"cameraMode":{"drawMode":0,"name":"Shaded","section":"Shading Mode"},"sceneLighting":true,"audioPlay":false,"sceneViewState":{"showFog":true,"showMaterialUpdate":false,"showSkybox":true,"showFlares":true,"showImageEffects":true,"showParticleSystems":true},"in2DMode":false,"pivot":{"x":59.36050796508789,"y":32.762306213378909,"z":2.514565944671631},"rotation":{"x":0.10495170950889588,"y":-0.3771955966949463,"z":0.043096065521240237,"w":0.9191579818725586},"size":86.78104400634766,"orthographic":true}